"pid","ATE"
1,1.00017133202742
2,1.24771939919696
3,1.4981119585972
4,1.75051163554143
5,2.00059208726575
6,1.0007887417076
7,1.32817648963126
8,1.87635657771543
9,2.72708075767087
10,4.00648438690425
