"pid","ATE"
1,0.999671412127843
2,1.2515894247051
3,1.4991876539196
4,1.74634167685936
5,2.00159790402277
6,0.998973636878259
7,1.32747484167214
8,1.8744352114991
9,2.73273580020156
10,4.00199625682574
