"pid","ATE"
1,0.38312304
2,0.41315016
3,0.43588572
4,0.4504934
5,0.4576218
6,0.38296016
7,0.41548516
8,0.44013764
9,0.44883076
10,0.43295044
